William,School A,Plenary A,Plenary D,Plenary F,Plenary B
Helen,School C,Plenary E,Plenary C,Plenary B,Plenary A
James,School A,Plenary D,Plenary A,Plenary B,Plenary E
Florence,School C,Plenary A,Plenary C,Plenary D,Plenary B
Emma,School A,Plenary C,Plenary B,Plenary E,Plenary F
James,School B,Plenary F,Plenary C,Plenary A,Plenary B
Charles,School C,Plenary E,Plenary F,Plenary D,Plenary C
Henry,School C,Plenary B,Plenary F,Plenary E,Plenary C
Charles,School B,Plenary E,Plenary B,Plenary D,Plenary F
John,School C,Plenary E,Plenary A,Plenary F,Plenary C
Frank,School B,Plenary E,Plenary C,Plenary B,Plenary D
Elizabeth,School B,Plenary E,Plenary A,Plenary D,Plenary C
Marie,School B,Plenary E,Plenary F,Plenary A,Plenary B
Anna,School A,Plenary E,Plenary D,Plenary A,Plenary C
Mary,School C,Plenary E,Plenary B,Plenary C,Plenary D
Margaret,School B,Plenary D,Plenary E,Plenary F,Plenary A
Ethel,School A,Plenary F,Plenary A,Plenary E,Plenary C
James,School B,Plenary D,Plenary B,Plenary E,Plenary C
Emma,School B,Plenary C,Plenary B,Plenary D,Plenary F
William,School A,Plenary A,Plenary B,Plenary E,Plenary C
Robert,School A,Plenary C,Plenary A,Plenary F,Plenary B
Marie,School B,Plenary E,Plenary C,Plenary B,Plenary F
Charles,School A,Plenary A,Plenary E,Plenary B,Plenary C
Edward,School C,Plenary E,Plenary C,Plenary F,Plenary B
George,School C,Plenary C,Plenary E,Plenary D,Plenary A
Mary,School A,Plenary C,Plenary F,Plenary E,Plenary A
Elizabeth,School B,Plenary D,Plenary E,Plenary B,Plenary F
Edward,School A,Plenary A,Plenary B,Plenary C,Plenary F
Mary,School B,Plenary D,Plenary F,Plenary B,Plenary E
James,School C,Plenary D,Plenary B,Plenary A,Plenary C
William,School B,Plenary F,Plenary B,Plenary C,Plenary D
Ruth,School B,Plenary D,Plenary B,Plenary F,Plenary C
William,School A,Plenary A,Plenary F,Plenary E,Plenary B
Ruth,School C,Plenary F,Plenary B,Plenary D,Plenary A
Margaret,School C,Plenary C,Plenary B,Plenary A,Plenary F
George,School C,Plenary A,Plenary C,Plenary D,Plenary B
Frank,School A,Plenary F,Plenary C,Plenary A,Plenary B
Ruth,School B,Plenary D,Plenary E,Plenary B,Plenary C
Marie,School C,Plenary D,Plenary E,Plenary B,Plenary F
Margaret,School B,Plenary D,Plenary C,Plenary A,Plenary E
Joseph,School C,Plenary C,Plenary D,Plenary F,Plenary B
John,School A,Plenary D,Plenary C,Plenary E,Plenary B
William,School B,Plenary B,Plenary A,Plenary C,Plenary D
Joseph,School C,Plenary D,Plenary B,Plenary A,Plenary E
Edward,School B,Plenary D,Plenary C,Plenary F,Plenary B
George,School A,Plenary F,Plenary E,Plenary C,Plenary D
Joseph,School C,Plenary F,Plenary C,Plenary A,Plenary D
Edward,School B,Plenary E,Plenary A,Plenary B,Plenary C
Henry,School B,Plenary F,Plenary B,Plenary E,Plenary A
Marie,School B,Plenary C,Plenary B,Plenary A,Plenary F
James,School A,Plenary D,Plenary E,Plenary F,Plenary C
James,School B,Plenary A,Plenary E,Plenary F,Plenary B
Florence,School B,Plenary D,Plenary F,Plenary A,Plenary B
Helen,School C,Plenary A,Plenary B,Plenary C,Plenary D
Anna,School C,Plenary E,Plenary C,Plenary F,Plenary B
Elizabeth,School B,Plenary B,Plenary E,Plenary C,Plenary D
William,School B,Plenary C,Plenary B,Plenary F,Plenary D
Elizabeth,School C,Plenary B,Plenary F,Plenary E,Plenary C
Elizabeth,School A,Plenary B,Plenary C,Plenary F,Plenary E
Joseph,School A,Plenary A,Plenary F,Plenary C,Plenary E
Emma,School C,Plenary D,Plenary B,Plenary F,Plenary A
Elizabeth,School C,Plenary D,Plenary C,Plenary F,Plenary E
Charles,School A,Plenary C,Plenary E,Plenary D,Plenary F
George,School A,Plenary C,Plenary B,Plenary A,Plenary D
Edward,School C,Plenary B,Plenary F,Plenary A,Plenary D
James,School C,Plenary E,Plenary A,Plenary C,Plenary B
James,School B,Plenary D,Plenary E,Plenary F,Plenary C
John,School C,Plenary E,Plenary C,Plenary F,Plenary A
Ethel,School C,Plenary D,Plenary B,Plenary F,Plenary C
Helen,School B,Plenary F,Plenary B,Plenary C,Plenary A
James,School A,Plenary E,Plenary B,Plenary F,Plenary C
William,School B,Plenary C,Plenary E,Plenary B,Plenary A
Emma,School A,Plenary B,Plenary E,Plenary F,Plenary A
Elizabeth,School B,Plenary C,Plenary D,Plenary B,Plenary A
James,School A,Plenary B,Plenary C,Plenary F,Plenary D
Elizabeth,School A,Plenary F,Plenary A,Plenary C,Plenary D
Charles,School C,Plenary E,Plenary B,Plenary D,Plenary A
Ruth,School C,Plenary A,Plenary B,Plenary E,Plenary D
Edward,School B,Plenary D,Plenary F,Plenary B,Plenary C
Margaret,School B,Plenary D,Plenary C,Plenary F,Plenary E
Anna,School B,Plenary A,Plenary F,Plenary E,Plenary B
Frank,School B,Plenary D,Plenary E,Plenary A,Plenary F
Emma,School B,Plenary B,Plenary C,Plenary E,Plenary A
James,School B,Plenary B,Plenary D,Plenary F,Plenary E
Elizabeth,School A,Plenary B,Plenary C,Plenary F,Plenary D
Mary,School B,Plenary D,Plenary C,Plenary A,Plenary B
Robert,School A,Plenary A,Plenary C,Plenary F,Plenary B
James,School B,Plenary F,Plenary C,Plenary E,Plenary D
Helen,School C,Plenary A,Plenary F,Plenary B,Plenary E
Mary,School C,Plenary B,Plenary D,Plenary E,Plenary C
John,School A,Plenary E,Plenary B,Plenary D,Plenary A
Ruth,School C,Plenary F,Plenary C,Plenary D,Plenary E
Anna,School B,Plenary B,Plenary E,Plenary A,Plenary F
Charles,School A,Plenary C,Plenary A,Plenary F,Plenary B
Anna,School B,Plenary C,Plenary F,Plenary D,Plenary E
William,School B,Plenary F,Plenary C,Plenary B,Plenary A
James,School C,Plenary A,Plenary C,Plenary D,Plenary B
Frank,School B,Plenary E,Plenary C,Plenary D,Plenary B
Henry,School B,Plenary A,Plenary D,Plenary F,Plenary B
Anna,School A,Plenary F,Plenary E,Plenary A,Plenary B
Joseph,School B,Plenary C,Plenary E,Plenary A,Plenary D
George,School B,Plenary D,Plenary F,Plenary A,Plenary C
Ruth,School A,Plenary C,Plenary F,Plenary D,Plenary B
Ethel,School B,Plenary A,Plenary C,Plenary D,Plenary B
Charles,School B,Plenary B,Plenary F,Plenary E,Plenary A
Mary,School A,Plenary D,Plenary B,Plenary A,Plenary C
Margaret,School B,Plenary B,Plenary E,Plenary F,Plenary C
Charles,School C,Plenary B,Plenary C,Plenary F,Plenary D
Frank,School B,Plenary D,Plenary A,Plenary C,Plenary E
Frank,School C,Plenary B,Plenary A,Plenary F,Plenary E
Ruth,School B,Plenary F,Plenary C,Plenary A,Plenary E
Robert,School C,Plenary F,Plenary C,Plenary A,Plenary B
George,School B,Plenary E,Plenary C,Plenary D,Plenary F
Florence,School B,Plenary B,Plenary D,Plenary E,Plenary F
James,School A,Plenary E,Plenary F,Plenary A,Plenary B
George,School C,Plenary F,Plenary D,Plenary A,Plenary C
Anna,School A,Plenary E,Plenary D,Plenary A,Plenary B
Edward,School C,Plenary C,Plenary B,Plenary D,Plenary E
Charles,School C,Plenary C,Plenary B,Plenary A,Plenary E
Elizabeth,School A,Plenary A,Plenary D,Plenary F,Plenary C
John,School C,Plenary A,Plenary D,Plenary F,Plenary C
Edward,School C,Plenary C,Plenary F,Plenary D,Plenary A
Robert,School A,Plenary D,Plenary B,Plenary E,Plenary C
Edward,School A,Plenary F,Plenary B,Plenary C,Plenary E
Joseph,School C,Plenary A,Plenary F,Plenary D,Plenary E
Henry,School A,Plenary A,Plenary E,Plenary C,Plenary F
Elizabeth,School B,Plenary A,Plenary B,Plenary D,Plenary C
Emma,School C,Plenary C,Plenary D,Plenary F,Plenary A
Marie,School C,Plenary A,Plenary D,Plenary C,Plenary E
George,School C,Plenary A,Plenary C,Plenary D,Plenary F
Anna,School C,Plenary C,Plenary D,Plenary B,Plenary A
Ethel,School A,Plenary D,Plenary C,Plenary F,Plenary E
Ruth,School C,Plenary A,Plenary F,Plenary D,Plenary B
Robert,School B,Plenary F,Plenary D,Plenary B,Plenary A
Emma,School C,Plenary D,Plenary F,Plenary A,Plenary B
Helen,School A,Plenary D,Plenary F,Plenary E,Plenary B
Robert,School B,Plenary D,Plenary B,Plenary F,Plenary C
Henry,School C,Plenary A,Plenary C,Plenary D,Plenary B
Anna,School A,Plenary D,Plenary C,Plenary F,Plenary E
Mary,School B,Plenary A,Plenary E,Plenary F,Plenary C
Florence,School A,Plenary C,Plenary E,Plenary B,Plenary F
Henry,School A,Plenary E,Plenary F,Plenary B,Plenary A
George,School C,Plenary F,Plenary A,Plenary B,Plenary C
John,School A,Plenary E,Plenary B,Plenary F,Plenary C
Anna,School B,Plenary F,Plenary A,Plenary D,Plenary C
Frank,School B,Plenary D,Plenary B,Plenary F,Plenary A
Mary,School A,Plenary C,Plenary F,Plenary B,Plenary E
Mary,School C,Plenary C,Plenary E,Plenary D,Plenary F
James,School A,Plenary F,Plenary A,Plenary E,Plenary D
William,School B,Plenary F,Plenary E,Plenary C,Plenary D
John,School C,Plenary C,Plenary E,Plenary F,Plenary A
Edward,School A,Plenary B,Plenary E,Plenary A,Plenary C
Joseph,School B,Plenary D,Plenary E,Plenary A,Plenary F
Charles,School A,Plenary D,Plenary B,Plenary A,Plenary F
George,School C,Plenary B,Plenary D,Plenary C,Plenary E
William,School C,Plenary D,Plenary F,Plenary C,Plenary E
Robert,School C,Plenary B,Plenary F,Plenary E,Plenary A
Ruth,School B,Plenary A,Plenary B,Plenary F,Plenary C
Mary,School C,Plenary F,Plenary D,Plenary A,Plenary C
Frank,School B,Plenary D,Plenary B,Plenary C,Plenary F
Margaret,School C,Plenary A,Plenary E,Plenary F,Plenary C
Ethel,School C,Plenary A,Plenary F,Plenary D,Plenary B
Emma,School C,Plenary F,Plenary E,Plenary D,Plenary A
Elizabeth,School A,Plenary E,Plenary F,Plenary A,Plenary D
Henry,School B,Plenary C,Plenary F,Plenary A,Plenary E
Anna,School A,Plenary A,Plenary D,Plenary E,Plenary C
Elizabeth,School B,Plenary B,Plenary F,Plenary E,Plenary D
Ethel,School A,Plenary C,Plenary B,Plenary F,Plenary D
Florence,School B,Plenary D,Plenary F,Plenary C,Plenary B
Elizabeth,School A,Plenary C,Plenary A,Plenary F,Plenary B
John,School B,Plenary C,Plenary D,Plenary A,Plenary B
Anna,School B,Plenary F,Plenary A,Plenary B,Plenary E
Robert,School C,Plenary D,Plenary A,Plenary C,Plenary F
Joseph,School A,Plenary E,Plenary F,Plenary D,Plenary C
John,School B,Plenary E,Plenary C,Plenary B,Plenary F
William,School A,Plenary D,Plenary C,Plenary A,Plenary F
Helen,School C,Plenary A,Plenary E,Plenary F,Plenary B
George,School A,Plenary F,Plenary E,Plenary D,Plenary B
Elizabeth,School C,Plenary A,Plenary F,Plenary B,Plenary C
Mary,School A,Plenary D,Plenary F,Plenary E,Plenary C
Joseph,School C,Plenary C,Plenary E,Plenary D,Plenary B
Edward,School B,Plenary F,Plenary D,Plenary A,Plenary E
Helen,School B,Plenary D,Plenary A,Plenary E,Plenary B
George,School A,Plenary F,Plenary A,Plenary E,Plenary D
Ruth,School B,Plenary F,Plenary B,Plenary C,Plenary E
Elizabeth,School C,Plenary F,Plenary A,Plenary E,Plenary B
Emma,School A,Plenary C,Plenary F,Plenary B,Plenary A
John,School C,Plenary C,Plenary F,Plenary D,Plenary B
George,School A,Plenary C,Plenary F,Plenary B,Plenary E
Florence,School A,Plenary C,Plenary F,Plenary E,Plenary D
Elizabeth,School C,Plenary C,Plenary B,Plenary F,Plenary A
William,School A,Plenary C,Plenary E,Plenary A,Plenary D
Joseph,School C,Plenary D,Plenary E,Plenary C,Plenary A
Margaret,School B,Plenary C,Plenary B,Plenary A,Plenary D
Anna,School B,Plenary D,Plenary E,Plenary C,Plenary A
George,School B,Plenary C,Plenary D,Plenary A,Plenary E
John,School A,Plenary E,Plenary F,Plenary B,Plenary A
Margaret,School A,Plenary C,Plenary F,Plenary A,Plenary B
Edward,School B,Plenary D,Plenary B,Plenary A,Plenary E
Charles,School A,Plenary D,Plenary F,Plenary A,Plenary B
James,School C,Plenary B,Plenary A,Plenary E,Plenary D
Helen,School A,Plenary E,Plenary A,Plenary D,Plenary C
Anna,School B,Plenary E,Plenary A,Plenary D,Plenary B
Edward,School B,Plenary F,Plenary E,Plenary C,Plenary A
Robert,School A,Plenary A,Plenary B,Plenary D,Plenary C
Edward,School C,Plenary C,Plenary F,Plenary E,Plenary D
Anna,School C,Plenary E,Plenary C,Plenary F,Plenary B
Charles,School A,Plenary F,Plenary B,Plenary E,Plenary C
Mary,School B,Plenary B,Plenary E,Plenary D,Plenary A
Henry,School A,Plenary E,Plenary F,Plenary B,Plenary A
George,School A,Plenary B,Plenary C,Plenary A,Plenary E
Robert,School C,Plenary A,Plenary B,Plenary D,Plenary E
Florence,School A,Plenary D,Plenary B,Plenary E,Plenary C
Charles,School B,Plenary E,Plenary B,Plenary F,Plenary D
Mary,School C,Plenary C,Plenary D,Plenary E,Plenary A
Marie,School B,Plenary F,Plenary A,Plenary B,Plenary E
Emma,School C,Plenary B,Plenary A,Plenary E,Plenary F
Frank,School A,Plenary A,Plenary E,Plenary C,Plenary F
Frank,School A,Plenary F,Plenary A,Plenary C,Plenary D
Robert,School A,Plenary C,Plenary A,Plenary B,Plenary F
John,School B,Plenary E,Plenary F,Plenary B,Plenary C
Edward,School C,Plenary B,Plenary E,Plenary D,Plenary A
Edward,School C,Plenary B,Plenary F,Plenary D,Plenary C
Henry,School C,Plenary E,Plenary A,Plenary B,Plenary F
Helen,School A,Plenary E,Plenary A,Plenary B,Plenary D
Ruth,School A,Plenary C,Plenary F,Plenary D,Plenary A
Helen,School B,Plenary F,Plenary E,Plenary A,Plenary D
William,School A,Plenary E,Plenary C,Plenary B,Plenary F
Helen,School C,Plenary E,Plenary D,Plenary C,Plenary B
John,School B,Plenary B,Plenary C,Plenary E,Plenary F
Elizabeth,School A,Plenary F,Plenary C,Plenary E,Plenary D
Margaret,School A,Plenary F,Plenary B,Plenary E,Plenary A
Joseph,School C,Plenary C,Plenary B,Plenary E,Plenary A
Frank,School A,Plenary B,Plenary C,Plenary F,Plenary D
Joseph,School C,Plenary B,Plenary D,Plenary C,Plenary E
Henry,School C,Plenary F,Plenary C,Plenary E,Plenary B
Mary,School C,Plenary A,Plenary F,Plenary E,Plenary B
Marie,School B,Plenary D,Plenary E,Plenary B,Plenary C
Margaret,School A,Plenary A,Plenary C,Plenary F,Plenary E
James,School C,Plenary E,Plenary B,Plenary C,Plenary A
Anna,School C,Plenary E,Plenary A,Plenary C,Plenary F
Elizabeth,School A,Plenary F,Plenary C,Plenary B,Plenary A
Elizabeth,School B,Plenary E,Plenary B,Plenary A,Plenary D
William,School B,Plenary D,Plenary F,Plenary B,Plenary E
William,School A,Plenary F,Plenary D,Plenary C,Plenary E
Robert,School C,Plenary C,Plenary B,Plenary A,Plenary E
Elizabeth,School A,Plenary A,Plenary B,Plenary D,Plenary F
Robert,School A,Plenary D,Plenary F,Plenary B,Plenary E
Mary,School B,Plenary E,Plenary F,Plenary A,Plenary C
Ethel,School C,Plenary D,Plenary A,Plenary B,Plenary F
Anna,School B,Plenary A,Plenary E,Plenary D,Plenary C
Robert,School A,Plenary D,Plenary B,Plenary C,Plenary E
Anna,School A,Plenary B,Plenary E,Plenary A,Plenary F
Marie,School C,Plenary B,Plenary E,Plenary D,Plenary A
Marie,School A,Plenary D,Plenary C,Plenary F,Plenary E
Joseph,School C,Plenary F,Plenary B,Plenary A,Plenary D
Mary,School B,Plenary B,Plenary E,Plenary A,Plenary F
Margaret,School B,Plenary E,Plenary A,Plenary F,Plenary C
Marie,School C,Plenary D,Plenary F,Plenary E,Plenary A
Margaret,School B,Plenary F,Plenary C,Plenary D,Plenary A
Edward,School A,Plenary F,Plenary A,Plenary D,Plenary B
Joseph,School B,Plenary C,Plenary D,Plenary F,Plenary B
Ruth,School B,Plenary D,Plenary E,Plenary B,Plenary F
Florence,School C,Plenary D,Plenary A,Plenary F,Plenary B
George,School A,Plenary B,Plenary F,Plenary A,Plenary C
George,School C,Plenary B,Plenary D,Plenary C,Plenary A
Frank,School A,Plenary C,Plenary D,Plenary F,Plenary B
Elizabeth,School A,Plenary C,Plenary A,Plenary B,Plenary E
Henry,School B,Plenary D,Plenary F,Plenary C,Plenary A
James,School A,Plenary F,Plenary A,Plenary E,Plenary D